pagina,linea,referencia,perfil,base_cm,proyeccion_cm,arco_cm,c40_cm,c45_cm,volumen_cc,pedido_especial
1,Round SilkSurface,RSM-105,Mini,8.5,2.2,5.0,,,105,
1,Round SilkSurface,RSD-135,Demi,8.5,3.1,5.7,,,135,
1,Round SilkSurface,RSF-145,Full,8.5,3.5,6.0,,,145,
1,Round SilkSurface,RSC-180,Corsé,8.5,4.0,6.5,,,180,
1,Round SilkSurface,RSM-125,Mini,9.0,2.3,5.3,,,125,
1,Round SilkSurface,RSD-155,Demi,9.0,3.3,6.0,,,155,
1,Round SilkSurface,RSF-175,Full,9.0,3.7,6.3,,,175,
1,Round SilkSurface,RSC-210,Corsé,9.0,4.2,6.8,,,210,
1,Round SilkSurface,RSM-140,Mini,9.5,2.4,5.5,,,140,
1,Round SilkSurface,RSD-180,Demi,9.5,3.4,6.3,,,180,
1,Round SilkSurface,RSF-205,Full,9.5,3.9,6.7,,,205,
1,Round SilkSurface,RSC-240,Corsé,9.5,4.5,7.2,,,240,
1,Round SilkSurface,RSM-150,Mini,9.75,2.4,5.6,,,150,
1,Round SilkSurface,RSD-190,Demi,9.75,3.4,6.4,,,190,
1,Round SilkSurface,RSF-220,Full,9.75,4.0,6.9,,,220,
1,Round SilkSurface,RSC-260,Corsé,9.75,4.6,7.4,,,260,
1,Round SilkSurface,RSM-160,Mini,10.0,2.5,5.8,,,160,
1,Round SilkSurface,RSD-205,Demi,10.0,3.5,6.5,,,205,
1,Round SilkSurface,RSF-235,Full,10.0,4.1,7.1,,,235,
1,Round SilkSurface,RSC-280,Corsé,10.0,4.8,7.7,,,280,
1,Round SilkSurface,RSM-170,Mini,10.25,2.5,5.9,,,170,
1,Round SilkSurface,RSD-215,Demi,10.25,3.5,6.6,,,215,
1,Round SilkSurface,RSF-255,Full,10.25,4.2,7.2,,,255,
1,Round SilkSurface,RSC-300,Corsé,10.25,4.9,7.9,,,300,
1,Round SilkSurface,RSM-185,Mini,10.5,2.6,6.1,,,185,
1,Round SilkSurface,RSD-230,Demi,10.5,3.6,6.8,,,230,
1,Round SilkSurface,RSF-275,Full,10.5,4.3,7.4,,,275,
1,Round SilkSurface,RSC-325,Corsé,10.5,5.1,8.2,,,325,
1,Round SilkSurface,RSM-205,Mini,10.75,2.6,6.2,,,205,
1,Round SilkSurface,RSD-245,Demi,10.75,3.7,7.0,,,245,
1,Round SilkSurface,RSF-295,Full,10.75,4.4,7.6,,,295,
1,Round SilkSurface,RSC-350,Corsé,10.75,5.2,8.3,,,350,
1,Round SilkSurface,RSM-220,Mini,11.0,2.7,6.4,,,220,
1,Round SilkSurface,RSD-265,Demi,11.0,3.8,7.1,,,265,
1,Round SilkSurface,RSF-315,Full,11.0,4.5,7.7,,,315,
1,Round SilkSurface,RSC-380,Corsé,11.0,5.4,8.6,,,380,
1,Round SilkSurface,RSM-230,Mini,11.25,2.7,6.5,,,230,
1,Round SilkSurface,RSD-285,Demi,11.25,3.8,7.2,,,285,
1,Round SilkSurface,RSF-335,Full,11.25,4.6,7.9,,,335,
1,Round SilkSurface,RSC-410,Corsé,11.25,5.5,8.7,,,410,
1,Round SilkSurface,RSM-245,Mini,11.5,2.8,6.6,,,245,
1,Round SilkSurface,RSD-300,Demi,11.5,3.9,7.4,,,300,
1,Round SilkSurface,RSF-355,Full,11.5,4.7,8.1,,,355,
1,Round SilkSurface,RSC-440,Corsé,11.5,5.7,9.0,,,440,
1,Round SilkSurface,RSM-260,Mini,11.75,2.8,6.7,,,260,
1,Round SilkSurface,RSD-320,Demi,11.75,3.9,7.5,,,320,
1,Round SilkSurface,RSF-375,Full,11.75,4.8,8.2,,,375,
1,Round SilkSurface,RSC-475,Corsé,11.75,5.8,9.2,,,475,
1,Round SilkSurface,RSM-275,Mini,12.0,2.9,6.9,,,275,
1,Round SilkSurface,RSD-340,Demi,12.0,4.0,7.7,,,340,
1,Round SilkSurface,RSF-400,Full,12.0,4.9,8.4,,,400,
1,Round SilkSurface,RSC-510,Corsé,12.0,6.0,9.5,,,510,
1,Round SilkSurface,RSM-290,Mini,12.25,2.9,7.0,,,290,
1,Round SilkSurface,RSD-360,Demi,12.25,4.0,7.8,,,360,
1,Round SilkSurface,RSF-425,Full,12.25,5.0,8.6,,,425,
1,Round SilkSurface,RSC-550,Corsé,12.25,6.1,9.6,,,550,
1,Round SilkSurface,RSM-310,Mini,12.5,3.0,7.2,,,310,
1,Round SilkSurface,RSD-380,Demi,12.5,4.1,7.9,,,380,
1,Round SilkSurface,RSF-450,Full,12.5,5.1,8.8,,,450,
1,Round SilkSurface,RSC-590,Corsé,12.5,6.3,9.9,,,590,
1,Round SilkSurface,RSM-360,Mini,13.0,3.1,7.5,,,360,
1,Round SilkSurface,RSD-425,Demi,13.0,4.3,8.3,,,425,
1,Round SilkSurface,RSF-500,Full,13.0,5.3,9.1,,,500,
1,Round SilkSurface,RSC-650,Corsé,13.0,6.6,10.3,,,650,
1,Round SilkSurface,RSM-400,Mini,13.5,3.2,7.7,,,400,
1,Round SilkSurface,RSD-475,Demi,13.5,4.4,8.5,,,475,
1,Round SilkSurface,RSF-550,Full,13.5,5.5,9.5,,,550,
1,Round SilkSurface,RSC-725,Corsé,13.5,6.9,10.8,,,725,
1,Round SilkSurface,RSM-430,Mini,14.0,3.3,8.0,,,430,
1,Round SilkSurface,RSD-525,Demi,14.0,4.5,8.8,,,525,
1,Round SilkSurface,RSF-625,Full,14.0,5.7,9.8,,,625,
1,Round SilkSurface,RSC-825,Corsé,14.0,7.2,11.2,,,825,
1,Round SilkSurface,RSM-475,Mini,14.5,3.4,8.3,,,475,
1,Round SilkSurface,RSD-575,Demi,14.5,4.6,9.1,,,575,
1,Round SilkSurface,RSF-700,Full,14.5,5.9,10.2,,,700,
1,Round SilkSurface,RSC-925,Corsé,14.5,7.5,11.7,,,925,
1,Round SilkSurface,RSM-525,Mini,15.0,3.5,8.6,,,525,
1,Round SilkSurface,RSD-625,Demi,15.0,4.8,9.4,,,625,
1,Round SilkSurface,RSF-775,Full,15.0,6.1,10.5,,,775,
2,Ergonomix SilkSurface,ERSM-105,Mini,8.5,2.2,,4.0,4.5,105,
2,Ergonomix SilkSurface,ERSD-135,Demi,8.5,3.1,,4.5,5.1,135,
2,Ergonomix SilkSurface,ERSF-145,Full,8.5,3.5,,4.8,5.4,145,
2,Ergonomix SilkSurface,ERSC-180,Corsé,8.5,4.0,,5.2,5.8,180,
2,Ergonomix SilkSurface,ERSM-125,Mini,9.0,2.3,,4.2,4.7,125,
2,Ergonomix SilkSurface,ERSD-155,Demi,9.0,3.3,,4.8,5.4,155,
2,Ergonomix SilkSurface,ERSF-175,Full,9.0,3.7,,5.1,5.7,175,
2,Ergonomix SilkSurface,ERSC-210,Corsé,9.0,4.2,,5.4,6.1,210,
2,Ergonomix SilkSurface,ERSM-140,Mini,9.5,2.4,,4.4,5.0,140,
2,Ergonomix SilkSurface,ERSD-180,Demi,9.5,3.4,,5.0,5.6,180,
2,Ergonomix SilkSurface,ERSF-205,Full,9.5,3.9,,5.3,6.0,205,
2,Ergonomix SilkSurface,ERSC-240,Corsé,9.5,4.5,,5.8,6.5,240,
2,Ergonomix SilkSurface,ERSM-150,Mini,9.75,2.4,,4.5,5.1,150,
2,Ergonomix SilkSurface,ERSD-190,Demi,9.75,3.4,,5.1,5.7,190,
2,Ergonomix SilkSurface,ERSF-220,Full,9.75,4.0,,5.5,6.2,220,
2,Ergonomix SilkSurface,ERSC-260,Corsé,9.75,4.6,,5.9,6.7,260,
2,Ergonomix SilkSurface,ERSM-160,Mini,10.0,2.5,,4.6,5.2,160,
2,Ergonomix SilkSurface,ERSD-205,Demi,10.0,3.5,,5.2,5.9,205,
2,Ergonomix SilkSurface,ERSF-235,Full,10.0,4.1,,5.6,6.3,235,
2,Ergonomix SilkSurface,ERSC-280,Corsé,10.0,4.8,,6.2,6.9,280,
2,Ergonomix SilkSurface,ERSM-170,Mini,10.25,2.5,,4.7,5.3,170,
2,Ergonomix SilkSurface,ERSD-215,Demi,10.25,3.5,,5.3,6.0,215,
2,Ergonomix SilkSurface,ERSF-255,Full,10.25,4.2,,5.8,6.5,255,
2,Ergonomix SilkSurface,ERSC-300,Corsé,10.25,4.9,,6.3,7.1,300,
2,Ergonomix SilkSurface,ERSM-185,Mini,10.5,2.6,,4.9,5.5,185,
2,Ergonomix SilkSurface,ERSD-230,Demi,10.5,3.6,,5.4,6.1,230,
2,Ergonomix SilkSurface,ERSF-275,Full,10.5,4.3,,5.9,6.6,275,
2,Ergonomix SilkSurface,ERSC-325,Corsé,10.5,5.1,,6.5,7.3,325,
2,Ergonomix SilkSurface,ERSM-205,Mini,10.75,2.6,,5.0,5.6,205,
2,Ergonomix SilkSurface,ERSD-245,Demi,10.75,3.7,,5.6,6.3,245,
2,Ergonomix SilkSurface,ERSF-295,Full,10.75,4.4,,6.0,6.8,295,
2,Ergonomix SilkSurface,ERSC-350,Corsé,10.75,5.2,,6.6,7.5,350,
2,Ergonomix SilkSurface,ERSM-220,Mini,11.0,2.7,,5.1,5.7,220,
2,Ergonomix SilkSurface,ERSD-265,Demi,11.0,3.8,,5.7,6.4,265,
2,Ergonomix SilkSurface,ERSF-315,Full,11.0,4.5,,6.2,7.0,315,
2,Ergonomix SilkSurface,ERSC-380,Corsé,11.0,5.4,,6.9,7.7,380,
2,Ergonomix SilkSurface,ERSM-230,Mini,11.25,2.7,,5.2,5.8,230,
2,Ergonomix SilkSurface,ERSD-285,Demi,11.25,3.8,,5.8,6.5,285,
2,Ergonomix SilkSurface,ERSF-335,Full,11.25,4.6,,6.3,7.1,335,
2,Ergonomix SilkSurface,ERSC-410,Corsé,11.25,5.5,,7.0,7.9,410,
2,Ergonomix SilkSurface,ERSM-245,Mini,11.5,2.8,,5.3,6.0,245,
2,Ergonomix SilkSurface,ERSD-300,Demi,11.5,3.9,,5.9,6.7,300,
2,Ergonomix SilkSurface,ERSF-355,Full,11.5,4.7,,6.5,7.3,355,
2,Ergonomix SilkSurface,ERSC-440,Corsé,11.5,5.7,,7.2,8.1,440,
2,Ergonomix SilkSurface,ERSM-260,Mini,11.75,2.8,,5.4,6.1,260,
2,Ergonomix SilkSurface,ERSD-320,Demi,11.75,3.9,,6.0,6.7,320,
2,Ergonomix SilkSurface,ERSF-375,Full,11.75,4.8,,6.6,7.4,375,
2,Ergonomix SilkSurface,ERSC-475,Corsé,11.75,5.8,,7.3,8.3,475,
2,Ergonomix SilkSurface,ERSM-275,Mini,12.0,2.9,,5.5,6.2,275,
2,Ergonomix SilkSurface,ERSD-340,Demi,12.0,4.0,,6.1,6.9,340,
2,Ergonomix SilkSurface,ERSF-400,Full,12.0,4.9,,6.7,7.6,400,
2,Ergonomix SilkSurface,ERSC-510,Corsé,12.0,6.0,,7.6,8.5,510,
2,Ergonomix SilkSurface,ERSM-290,Mini,12.25,2.9,,5.6,6.3,290,
2,Ergonomix SilkSurface,ERSD-360,Demi,12.25,4.0,,6.2,7.0,360,
2,Ergonomix SilkSurface,ERSF-425,Full,12.25,5.0,,6.9,7.7,425,
2,Ergonomix SilkSurface,ERSC-550,Corsé,12.25,6.1,,7.7,8.7,550,
2,Ergonomix SilkSurface,ERSM-310,Mini,12.5,3.0,,5.7,6.5,310,
2,Ergonomix SilkSurface,ERSD-380,Demi,12.5,4.1,,6.3,7.1,380,
2,Ergonomix SilkSurface,ERSF-450,Full,12.5,5.1,,7.0,7.9,450,
2,Ergonomix SilkSurface,ERSC-590,Corsé,12.5,6.3,,7.9,8.9,590,
2,Ergonomix SilkSurface,ERSM-360,Mini,13.0,3.1,,6.0,6.7,360,
2,Ergonomix SilkSurface,ERSD-425,Demi,13.0,4.3,,6.6,7.5,425,
2,Ergonomix SilkSurface,ERSF-500,Full,13.0,5.3,,7.3,8.2,500,
2,Ergonomix SilkSurface,ERSC-650,Corsé,13.0,6.6,,8.3,9.3,650,si
2,Ergonomix SilkSurface,ERSM-400,Mini,13.5,3.2,,6.2,7.0,400,
2,Ergonomix SilkSurface,ERSD-475,Demi,13.5,4.4,,6.8,7.7,475,
2,Ergonomix SilkSurface,ERSF-550,Full,13.5,5.5,,7.6,8.5,550,
2,Ergonomix SilkSurface,ERSC-725,Corsé,13.5,6.9,,8.6,9.7,725,si
2,Ergonomix SilkSurface,ERSM-430,Mini,14.0,3.3,,6.4,7.2,430,
2,Ergonomix SilkSurface,ERSD-525,Demi,14.0,4.5,,7.0,7.9,525,
2,Ergonomix SilkSurface,ERSF-625,Full,14.0,5.7,,7.8,8.8,625,
2,Ergonomix SilkSurface,ERSC-825,Corsé,14.0,7.2,,9.0,10.1,825,si
2,Ergonomix SilkSurface,ERSM-475,Mini,14.5,3.4,,6.6,7.5,475,
2,Ergonomix SilkSurface,ERSD-575,Demi,14.5,4.6,,7.3,8.2,575,
2,Ergonomix SilkSurface,ERSF-700,Full,14.5,5.9,,8.1,9.1,700,
2,Ergonomix SilkSurface,ERSC-925,Corsé,14.5,7.5,,9.3,10.5,925,si
2,Ergonomix SilkSurface,ERSM-525,Mini,15.0,3.5,,6.9,7.7,525,
2,Ergonomix SilkSurface,ERSD-625,Demi,15.0,4.8,,7.5,8.5,625,
2,Ergonomix SilkSurface,ERSF-775,Full,15.0,6.1,,8.4,9.4,775,
3,Ergonomix2 SmoothSilk,E2SM-95Z,Mini,8.0,2.1,,3.7,4.1,95,
3,Ergonomix2 SmoothSilk,E2SD-125Z,Demi,8.0,3.0,,4.1,4.5,125,
3,Ergonomix2 SmoothSilk,E2SF-135Z,Full,8.0,3.3,,4.4,4.8,135,
3,Ergonomix2 SmoothSilk,E2SC-160Z,Corsé,8.0,3.8,,4.7,5.1,160,
3,Ergonomix2 SmoothSilk,E2SM-110Z,Mini,8.5,2.2,,4.1,4.6,110,
3,Ergonomix2 SmoothSilk,E2SD-150Z,Demi,8.5,3.1,,4.7,5.3,150,
3,Ergonomix2 SmoothSilk,E2SF-155Z,Full,8.5,3.5,,4.9,5.5,155,
3,Ergonomix2 SmoothSilk,E2SC-190Z,Corsé,8.5,4.0,,5.3,5.9,190,
3,Ergonomix2 SmoothSilk,E2SM-130Z,Mini,9.0,2.3,,4.3,4.8,130,
3,Ergonomix2 SmoothSilk,E2SD-170Z,Demi,9.0,3.3,,5.0,5.6,170,
3,Ergonomix2 SmoothSilk,E2SF-190Z,Full,9.0,3.7,,5.2,5.9,190,
3,Ergonomix2 SmoothSilk,E2SC-220Z,Corsé,9.0,4.2,,5.5,6.2,220,
3,Ergonomix2 SmoothSilk,E2SM-155Z,Mini,9.5,2.4,,4.6,5.2,155,
3,Ergonomix2 SmoothSilk,E2SD-195Z,Demi,9.5,3.4,,5.1,5.8,195,
3,Ergonomix2 SmoothSilk,E2SF-215Z,Full,9.5,3.9,,5.4,6.1,215,
3,Ergonomix2 SmoothSilk,E2SC-255Z,Corsé,9.5,4.5,,5.9,6.6,255,
3,Ergonomix2 SmoothSilk,E2SM-165Z,Mini,9.75,2.4,,4.6,5.3,165,
3,Ergonomix2 SmoothSilk,E2SD-210Z,Demi,9.75,3.4,,5.3,5.9,210,
3,Ergonomix2 SmoothSilk,E2SF-240Z,Full,9.75,4.0,,5.7,6.4,240,
3,Ergonomix2 SmoothSilk,E2SC-270Z,Corsé,9.75,4.6,,6.0,6.8,270,
3,Ergonomix2 SmoothSilk,E2SM-175Z,Mini,10.0,2.5,,4.7,5.4,175,
3,Ergonomix2 SmoothSilk,E2SD-225Z,Demi,10.0,3.5,,5.4,6.1,225,
3,Ergonomix2 SmoothSilk,E2SF-250Z,Full,10.0,4.1,,5.7,6.4,250,
3,Ergonomix2 SmoothSilk,ERSC-290Z,Corsé,10.0,4.8,,6.3,7.0,290,
3,Ergonomix2 SmoothSilk,E2SM-180Z,Mini,10.25,2.5,,4.8,5.4,180,
3,Ergonomix2 SmoothSilk,E2SD-235Z,Demi,10.25,3.5,,5.5,6.2,235,
3,Ergonomix2 SmoothSilk,E2SF-275Z,Full,10.25,4.2,,5.9,6.7,275,
3,Ergonomix2 SmoothSilk,E2SC-320Z,Corsé,10.25,4.9,,6.4,7.3,320,
3,Ergonomix2 SmoothSilk,E2SM-200Z,Mini,10.5,2.6,,5.0,5.6,200,
3,Ergonomix2 SmoothSilk,E2SD-250Z,Demi,10.5,3.6,,5.6,6.3,250,
3,Ergonomix2 SmoothSilk,E2SF-290Z,Full,10.5,4.3,,6.0,6.7,290,
3,Ergonomix2 SmoothSilk,E2SC-340Z,Corsé,10.5,5.1,,6.6,7.4,340,
3,Ergonomix2 SmoothSilk,E2SM-220Z,Mini,10.75,2.6,,5.1,5.7,220,
3,Ergonomix2 SmoothSilk,E2SD-270Z,Demi,10.75,3.7,,5.8,6.5,270,
3,Ergonomix2 SmoothSilk,E2SF-320Z,Full,10.75,4.4,,6.2,7.0,320,
3,Ergonomix2 SmoothSilk,E2SC-370Z,Corsé,10.75,5.2,,6.7,7.6,370,
3,Ergonomix2 SmoothSilk,E2SM-235Z,Mini,11.0,2.7,,5.2,5.8,235,
3,Ergonomix2 SmoothSilk,E2SD-285Z,Demi,11.0,3.8,,5.8,6.6,285,
3,Ergonomix2 SmoothSilk,E2SF-330Z,Full,11.0,4.5,,6.3,7.1,330,
3,Ergonomix2 SmoothSilk,E2SC-395Z,Corsé,11.0,5.4,,7.0,7.8,395,
3,Ergonomix2 SmoothSilk,E2SM-250Z,Mini,11.25,2.7,,5.3,6.0,250,
3,Ergonomix2 SmoothSilk,E2SD-295Z,Demi,11.25,3.8,,5.9,6.6,295,
3,Ergonomix2 SmoothSilk,E2SF-355Z,Full,11.25,4.6,,6.4,7.2,355,
3,Ergonomix2 SmoothSilk,E2SC-425Z,Corsé,11.25,5.5,,7.1,8.0,425,
3,Ergonomix2 SmoothSilk,E2SM-260Z,Mini,11.5,2.8,,5.4,6.1,260,
3,Ergonomix2 SmoothSilk,E2SD-325Z,Demi,11.5,3.9,,6.1,6.9,325,
3,Ergonomix2 SmoothSilk,E2SF-380Z,Full,11.5,4.7,,6.6,7.5,380,
3,Ergonomix2 SmoothSilk,E2SC-455Z,Corsé,11.5,5.7,,7.3,8.2,455,
3,Ergonomix2 SmoothSilk,E2SM-275Z,Mini,11.75,2.8,,5.5,6.2,275,
3,Ergonomix2 SmoothSilk,E2SD-335Z,Demi,11.75,3.9,,6.1,6.8,335,
3,Ergonomix2 SmoothSilk,E2SF-400Z,Full,11.75,4.8,,6.7,7.6,400,
3,Ergonomix2 SmoothSilk,E2SC-495Z,Corsé,11.75,5.8,,7.4,8.4,495,
3,Ergonomix2 SmoothSilk,E2SM-290Z,Mini,12.0,2.9,,5.6,6.3,290,
3,Ergonomix2 SmoothSilk,E2SD-360Z,Demi,12.0,4.0,,6.2,7.0,360,
3,Ergonomix2 SmoothSilk,E2SF-430Z,Full,12.0,4.9,,6.9,7.8,430,
3,Ergonomix2 SmoothSilk,E2SC-530Z,Corsé,12.0,6.0,,7.7,8.6,530,
3,Ergonomix2 SmoothSilk,E2SM-300Z,Mini,12.25,2.9,,5.7,6.4,300,
3,Ergonomix2 SmoothSilk,E2SD-380Z,Demi,12.25,4.0,,6.3,7.1,380,
3,Ergonomix2 SmoothSilk,E2SF-450Z,Full,12.25,5.0,,7.0,7.8,450,
3,Ergonomix2 SmoothSilk,E2SC-575Z,Corsé,12.25,6.1,,7.8,8.8,575,
3,Ergonomix2 SmoothSilk,E2SM-330Z,Mini,12.5,3.0,,5.8,6.6,330,
3,Ergonomix2 SmoothSilk,E2SD-405Z,Demi,12.5,4.1,,6.4,7.3,405,
3,Ergonomix2 SmoothSilk,E2SF-475Z,Full,12.5,5.1,,7.1,8.0,475,
3,Ergonomix2 SmoothSilk,E2SC-615Z,Corsé,12.5,6.3,,8.0,9.0,615,
3,Ergonomix2 SmoothSilk,E2SM-375Z,Mini,13.0,3.1,,6.1,6.8,375,
3,Ergonomix2 SmoothSilk,E2SD-450Z,Demi,13.0,4.3,,6.7,7.6,450,
3,Ergonomix2 SmoothSilk,E2SF-535Z,Full,13.0,5.3,,7.5,8.4,535,
3,Ergonomix2 SmoothSilk,E2SC-675Z,Corsé,13.0,6.6,,8.4,9.4,675,
3,Ergonomix2 SmoothSilk,E2SM-420Z,Mini,13.5,3.2,,6.3,7.1,420,
3,Ergonomix2 SmoothSilk,E2SD-500Z,Demi,13.5,4.4,,6.9,7.8,500,
3,Ergonomix2 SmoothSilk,E2SF-595Z,Full,13.5,5.5,,7.8,8.7,595,
3,Ergonomix2 SmoothSilk,E2SC-755Z,Corsé,13.5,6.9,,8.7,9.8,755,
3,Ergonomix2 SmoothSilk,E2SM-450Z,Mini,14.0,3.3,,6.5,7.3,450,
3,Ergonomix2 SmoothSilk,E2SD-545Z,Demi,14.0,4.5,,7.1,8.0,545,
3,Ergonomix2 SmoothSilk,E2SF-670Z,Full,14.0,5.7,,8.0,9.0,670,
3,Ergonomix2 SmoothSilk,E2SC-860Z,Corsé,14.0,7.2,,9.1,10.2,860,
3,Ergonomix2 SmoothSilk,E2SM-500Z,Mini,14.5,3.4,,6.7,7.6,500,
3,Ergonomix2 SmoothSilk,E2SD-605Z,Demi,14.5,4.6,,7.4,8.3,605,
3,Ergonomix2 SmoothSilk,E2SF-750Z,Full,14.5,5.9,,8.3,9.3,750,
3,Ergonomix2 SmoothSilk,E2SC-965Z,Corsé,14.5,7.5,,9.4,10.6,965,
3,Ergonomix2 SmoothSilk,E2SM-560Z,Mini,15.0,3.5,,7.1,7.9,560,
3,Ergonomix2 SmoothSilk,E2SD-660Z,Demi,15.0,4.8,,7.6,8.7,660,
3,Ergonomix2 SmoothSilk,E2SF-825Z,Full,15.0,6.1,,8.6,9.6,825,
