pagina,titulo,referencia,base_mm,altura_mm,proyeccion_mm,d_mm
10,Meme® SMS Lisa Proyección Moderada,10725-105,80,80,31,53
10,Meme® SMS Lisa Proyección Moderada,10725-120,85,85,32,56
10,Meme® SLS Lisa Proyección Baja,10724-110,90,90,26,54
10,Meme® SMS Lisa Proyección Moderada,10725-145,90,90,33,59
10,Meme® SLS Lisa Proyección Baja,10724-125,95,95,27,57
10,Meme® SMS Lisa Proyección Moderada,10725-165,95,95,35,62
10,Meme® SLS Lisa Proyección Baja,10724-150,100,100,28,60
10,Meme® SMS Lisa Proyección Moderada,10725-195,100,100,36,65
10,Meme® SLS Lisa Proyección Baja,10724-165,105,105,29,62
10,Meme® SMS Lisa Proyección Moderada,10725-220,105,105,37,68
10,Meme® SLS Lisa Proyección Baja,10724-185,110,110,29,65
10,Meme® SMS Lisa Proyección Moderada,10725-255,110,110,38,71
10,Meme® SLS Lisa Proyección Baja,10724-215,115,115,30,68
10,Meme® SMS Lisa Proyección Moderada,10725-285,115,115,40,74
10,Meme® SMS Lisa Proyección Moderada,10725-300,117.5,117.5,40,75
10,Meme® SLS Lisa Proyección Baja,10724-235,120,120,31,71
10,Meme® SMS Lisa Proyección Moderada,10725-320,120,120,41,77
10,Meme® SLS Lisa Proyección Baja,10724-270,125,125,32,73
10,Meme® SMS Lisa Proyección Moderada,10725-360,125,125,43,80
10,Meme® SLS Lisa Proyección Baja,10724-295,130,130,33,76
10,Meme® SMS Lisa Proyección Moderada,10725-400,130,130,44,83
10,Meme® SMS Lisa Proyección Moderada,10725-445,135,135,45,86
10,Meme® SLS Lisa Proyección Baja,10724-365,140,140,35,82
10,Meme® SMS Lisa Proyección Moderada,10725-495,140,140,47,89
11,Meme® SHS Lisa Proyección Alta,10726-125,80,80,37,58
11,Meme® SXS Lisa Proyección Extra Alta,10727-155,80,80,45,62
11,Meme® SHS Lisa Proyección Alta,10725-155,85,85,39,61
11,Meme® SXS Lisa Proyección Extra Alta,10727-180,85,85,47,66
11,Meme® SHS Lisa Proyección Alta,10726-180,90,90,40,64
11,Meme® SXS Lisa Proyección Extra Alta,10727-215,90,90,49,69
11,Meme® SHS Lisa Proyección Alta,10726-210,95,95,42,67
11,Meme® SXS Lisa Proyección Extra Alta,10727-250,95,95,51,73
11,Meme® SHS Lisa Proyección Alta,10726-235,100,100,44,71
11,Meme® SXS Lisa Proyección Extra Alta,10727-285,100,100,53,77
11,Meme® SHS Lisa Proyección Alta,10726-255,103,103,45,72
11,Meme® SHS Lisa Proyección Alta,10726-275,105,105,45,74
11,Meme® SXS Lisa Proyección Extra Alta,10727-330,105,105,55,80
11,Meme® SHS Lisa Proyección Alta,10726-295,108,108,46,75
11,Meme® SHS Lisa Proyección Alta,10726-315,110,110,47,77
11,Meme® SXS Lisa Proyección Extra Alta,10727-380,110,110,57,84
11,Meme® SHS Lisa Proyección Alta,10726-335,113,113,48,78
11,Meme® SHS Lisa Proyección Alta,10726-360,115,115,49,80
11,Meme® SXS Lisa Proyección Extra Alta,10727-430,115,115,59,87
11,Meme® SHS Lisa Proyección Alta,10726-400,120,120,51,83
11,Meme® SXS Lisa Proyección Extra Alta,10727-485,120,120,61,91
11,Meme® SHS Lisa Proyección Alta,10726-450,125,125,53,87
11,Meme® SXS Lisa Proyección Extra Alta,10727-545,125,125,63,94
11,Meme® SHS Lisa Proyección Alta,10726-505,130,130,55,90
11,Meme® SXS Lisa Proyección Extra Alta,10727-610,130,130,65,98
11,Meme® SHS Lisa Proyección Alta,10726-560,135,135,57,93
11,Meme® SXS Lisa Proyección Extra Alta,10727-675,135,135,67,101
11,Meme® SHS Lisa Proyección Alta,10726-620,140,140,59,96
11,Meme® SXS Lisa Proyección Extra Alta,10727-755,140,140,69,105
11,Meme® SHS Lisa Proyección Alta,10726-690,145,145,61,100
11,Meme® SXS Lisa Proyección Extra Alta,10727-830,145,145,71,108
11,Meme® SHS Lisa Proyección Alta,10726-760,150,150,62,103
11,Meme® SXS Lisa Proyección Extra Alta,10727-920,150,150,73,112
14,Meme® MMS Microtexturada Proyección Moderada,15725-105,80,80,31,53
14,Meme® MMS Microtexturada Proyección Moderada,15725-120,85,85,32,56
14,Meme® MLS Microtexturada Proyección Baja,15724-110,90,90,26,54
14,Meme® MMS Microtexturada Proyección Moderada,15725-145,90,90,33,59
14,Meme® MLS Microtexturada Proyección Baja,15724-125,95,95,27,57
14,Meme® MMS Microtexturada Proyección Moderada,15725-165,95,95,35,62
14,Meme® MLS Microtexturada Proyección Baja,15724-150,100,100,28,60
14,Meme® MMS Microtexturada Proyección Moderada,15725-195,100,100,36,65
14,Meme® MLS Microtexturada Proyección Baja,15724-165,105,105,29,62
14,Meme® MMS Microtexturada Proyección Moderada,15725-220,105,105,37,68
14,Meme® MLS Microtexturada Proyección Baja,15724-185,110,110,29,65
14,Meme® MMS Microtexturada Proyección Moderada,15725-255,110,110,38,71
14,Meme® MLS Microtexturada Proyección Baja,15724-215,115,115,30,68
14,Meme® MMS Microtexturada Proyección Moderada,15725-285,115,115,40,74
14,Meme® MMS Microtexturada Proyección Moderada,15725-300,117.5,117.5,40,75
14,Meme® MLS Microtexturada Proyección Baja,15724-235,120,120,31,71
14,Meme® MMS Microtexturada Proyección Moderada,15725-320,120,120,41,77
14,Meme® MLS Microtexturada Proyección Baja,15724-270,125,125,32,73
14,Meme® MMS Microtexturada Proyección Moderada,15725-360,125,125,43,80
14,Meme® MLS Microtexturada Proyección Baja,15724-295,130,130,33,76
14,Meme® MMS Microtexturada Proyección Moderada,15725-400,130,130,44,83
14,Meme® MLS Microtexturada Proyección Baja,15724-330,135,135,34,79
14,Meme® MMS Microtexturada Proyección Moderada,15725-445,135,135,45,86
14,Meme® MLS Microtexturada Proyección Baja,15724-365,140,140,35,82
14,Meme® MMS Microtexturada Proyección Moderada,15725-495,140,140,47,89
14,Meme® MMS Microtexturada Proyección Moderada,15725-545,145,145,48,92
14,Meme® MMS Microtexturada Proyección Moderada,15725-600,150,150,49,95
14,Meme® MMS Microtexturada Proyección Moderada,15725-660,155,155,51,98
15,Meme® MHS Microtexturada Proyección Alta,15726-110,75,75,36,54
15,Meme® MHS Microtexturada Proyección Alta,15726-125,80,80,37,58
15,Meme® MXS Microtexturada Proyección Extra Alta,15727-155,80,80,45,62
15,Meme® MHS Microtexturada Proyección Alta,15725-155,85,85,39,61
15,Meme® MXS Microtexturada Proyección Extra Alta,15727-180,85,85,47,66
15,Meme® MHS Microtexturada Proyección Alta,15726-180,90,90,40,64
15,Meme® MXS Microtexturada Proyección Extra Alta,15727-215,90,90,49,69
15,Meme® MHS Microtexturada Proyección Alta,15726-210,95,95,42,67
15,Meme® MXS Microtexturada Proyección Extra Alta,15727-250,95,95,51,73
15,Meme® MHS Microtexturada Proyección Alta,15726-235,100,100,44,71
15,Meme® MXS Microtexturada Proyección Extra Alta,15727-285,100,100,53,77
15,Meme® MHS Microtexturada Proyección Alta,15726-255,103,103,45,72
15,Meme® MXS Microtexturada Proyección Extra Alta,15727-305,103,103,54,78
15,Meme® MHS Microtexturada Proyección Alta,15726-275,105,105,45,74
15,Meme® MXS Microtexturada Proyección Extra Alta,15727-330,105,105,55,80
15,Meme® MHS Microtexturada Proyección Alta,15726-295,108,108,46,75
15,Meme® MXS Microtexturada Proyección Extra Alta,15727-355,108,108,56,78
15,Meme® MHS Microtexturada Proyección Alta,15726-315,110,110,47,77
15,Meme® MXS Microtexturada Proyección Extra Alta,15727-380,110,110,57,84
15,Meme® MHS Microtexturada Proyección Alta,15726-335,113,113,48,78
15,Meme® MHS Microtexturada Proyección Alta,15726-360,115,115,49,80
15,Meme® MXS Microtexturada Proyección Extra Alta,15727-430,115,115,59,87
15,Meme® MHS Microtexturada Proyección Alta,15726-400,120,120,51,83
15,Meme® MXS Microtexturada Proyección Extra Alta,15727-485,120,120,61,91
15,Meme® MHS Microtexturada Proyección Alta,15726-450,125,125,53,87
15,Meme® MXS Microtexturada Proyección Extra Alta,15727-545,125,125,63,94
15,Meme® MHS Microtexturada Proyección Alta,15726-505,130,130,55,90
15,Meme® MXS Microtexturada Proyección Extra Alta,15727-610,130,130,65,98
15,Meme® MHS Microtexturada Proyección Alta,15726-560,135,135,57,93
15,Meme® MXS Microtexturada Proyección Extra Alta,15727-675,135,135,67,101
15,Meme® MHS Microtexturada Proyección Alta,15726-620,140,140,59,96
15,Meme® MXS Microtexturada Proyección Extra Alta,15727-755,140,140,69,105
15,Meme® MHS Microtexturada Proyección Alta,15726-690,145,145,61,100
15,Meme® MXS Microtexturada Proyección Extra Alta,15727-830,145,145,71,108
15,Meme® MHS Microtexturada Proyección Alta,15726-760,150,150,62,103
15,Meme® MXS Microtexturada Proyección Extra Alta,15727-920,150,150,73,112
15,Meme® MHS Microtexturada Proyección Alta,15726-835,155,155,64,106
16,Opticon® MESMO® MS Proyección moderada,15745-125,95,80,35,45
16,Opticon® MESMO® MS Proyección moderada,15745-145,100,84,36,47
16,Opticon® MESMO® MS Proyección moderada,15745-165,105,88,37,49
16,Opticon® MESMO® MS Proyección moderada,15745-185,110,92,38,51
16,Opticon® MESMO® MS Proyección moderada,15745-210,115,97,40,53
16,Opticon® MESMO® MS Proyección moderada,15745-235,120,101,41,55
16,Opticon® MESMO® MS Proyección moderada,15745-265,125,105,43,57
16,Opticon® MESMO® MS Proyección moderada,15745-295,130,109,44,59
16,Opticon® MESMO® MS Proyección moderada,15745-330,135,113,45,61
16,Opticon® MESMO® MS Proyección moderada,15745-365,140,118,47,63
16,Opticon® MESMO® MS Proyección moderada,15745-400,145,122,48,65
16,Opticon® MESMO® MS Proyección moderada,15745-445,150,126,49,67
16,Opticon® MESMO® MS Proyección moderada,15745-490,155,130,51,69
16,Replicon® MESMO® MS Proyección moderada,15735-110,85,85,32,44
16,Replicon® MESMO® MS Proyección moderada,15735-125,90,90,33,46
16,Replicon® MESMO® MS Proyección moderada,15735-150,95,95,35,48
16,Replicon® MESMO® MS Proyección moderada,15735-170,100,100,36,50
16,Replicon® MESMO® MS Proyección moderada,15735-195,105,105,37,52
16,Replicon® MESMO® MS Proyección moderada,15735-220,110,110,38,55
16,Replicon® MESMO® MS Proyección moderada,15735-255,115,115,40,57
16,Replicon® MESMO® MS Proyección moderada,15735-280,120,120,41,59
16,Replicon® MESMO® MS Proyección moderada,15735-320,125,125,43,61
16,Replicon® MESMO® MS Proyección moderada,15735-350,130,130,44,63
16,Replicon® MESMO® MS Proyección moderada,15735-390,135,135,45,66
16,Replicon® MESMO® MS Proyección moderada,15735-435,140,140,47,68
16,Replicon® MESMO® MS Proyección moderada,15735-480,145,145,48,70
16,Replicon® MESMO® MS Proyección moderada,15735-530,150,150,49,72
16,Replicon® MESMO® MS Proyección moderada,15735-580,155,155,51,74
16,Optimam® MESMO® MS Proyección moderada,15775-200,100,116,36,53
16,Optimam® MESMO® MS Proyección moderada,15775-225,105,122,37,56
16,Optimam® MESMO® MS Proyección moderada,15775-260,110,128,38,58
16,Optimam® MESMO® MS Proyección moderada,15775-290,115,133,40,60
16,Optimam® MESMO® MS Proyección moderada,15775-330,120,139,41,63
16,Optimam® MESMO® MS Proyección moderada,15775-370,125,145,43,65
16,Optimam® MESMO® MS Proyección moderada,15775-405,130,151,44,67
16,Optimam® MESMO® MS Proyección moderada,15775-455,135,157,45,70
17,Opticon® MESMO® HS Proyección alta,15746-130,90,76,40,49
17,Opticon® MESMO® XS Proyección extra alta,15747-160,90,76,49,55
17,Opticon® MESMO® HS Proyección alta,15746-155,95,80,42,51
17,Opticon® MESMO® XS Proyección extra alta,15747-185,95,80,51,58
17,Opticon® MESMO® HS Proyección alta,15746-175,100,84,44,54
17,Opticon® MESMO® XS Proyección extra alta,15747-215,100,84,53,61
17,Opticon® MESMO® HS Proyección alta,15746-205,105,88,45,56
17,Opticon® MESMO® XS Proyección extra alta,15747-240,105,88,55,63
17,Opticon® MESMO® HS Proyección alta,15746-230,110,92,47,58
17,Opticon® MESMO® XS Proyección extra alta,15747-280,110,92,57,66
17,Opticon® MESMO® HS Proyección alta,15746-265,115,97,49,61
17,Opticon® MESMO® XS Proyección extra alta,15747-320,115,97,59,69
17,Opticon® MESMO® HS Proyección alta,15746-295,120,101,51,63
17,Opticon® MESMO® XS Proyección extra alta,15747-360,120,101,61,71
17,Opticon® MESMO® HS Proyección alta,15746-335,125,105,53,65
17,Opticon® MESMO® XS Proyección extra alta,15747-400,125,105,63,74
17,Opticon® MESMO® HS Proyección alta,15746-375,130,109,55,68
17,Opticon® MESMO® XS Proyección extra alta,15747-450,130,109,65,77
17,Opticon® MESMO® HS Proyección alta,15746-420,135,113,57,70
17,Opticon® MESMO® XS Proyección extra alta,15747-500,135,113,67,79
17,Opticon® MESMO® HS Proyección alta,15746-460,140,118,59,72
17,Opticon® MESMO® XS Proyección extra alta,15747-560,140,118,69,82
17,Opticon® MESMO® HS Proyección alta,15746-510,145,122,61,75
17,Opticon® MESMO® XS Proyección extra alta,15747-615,145,122,71,85
17,Opticon® MESMO® HS Proyección alta,15746-560,150,126,62,77
17,Opticon® MESMO® XS Proyección extra alta,15747-680,150,126,73,87
17,Opticon® MESMO® HS Proyección alta,15746-615,155,130,64,80
17,Opticon® MESMO® XS Proyección extra alta,15747-750,155,130,75,90
17,Replicon® MESMO® HS Proyección alta,15736-115,80,80,37,47
17,Replicon® MESMO® XS Proyección extra alta,15737-130,80,80,45,52
17,Replicon® MESMO® HS Proyección alta,15736-130,85,85,39,49
17,Replicon® MESMO® XS Proyección extra alta,15737-160,85,85,47,55
17,Replicon® MESMO® HS Proyección alta,15736-160,90,90,40,52
17,Replicon® MESMO® XS Proyección extra alta,15737-185,90,90,47,58
17,Replicon® MESMO® HS Proyección alta,15736-180,95,95,42,54
17,Replicon® MESMO® XS Proyección extra alta,15737-220,95,95,51,61
17,Replicon® MESMO® HS Proyección alta,15736-210,100,100,44,57
17,Replicon® MESMO® XS Proyección extra alta,15737-255,100,100,53,63
17,Replicon® MESMO® HS Proyección alta,15736-240,105,105,45,59
17,Replicon® MESMO® XS Proyección extra alta,15737-290,105,105,55,66
17,Replicon® MESMO® HS Proyección alta,15736-275,110,110,47,62
17,Replicon® MESMO® XS Proyección extra alta,15737-330,110,110,57,69
17,Replicon® MESMO® HS Proyección alta,15736-315,115,115,49,64
17,Replicon® MESMO® XS Proyección extra alta,15737-380,115,115,59,72
17,Replicon® MESMO® HS Proyección alta,15736-350,120,120,51,67
17,Replicon® MESMO® XS Proyección extra alta,15737-425,120,120,61,75
17,Replicon® MESMO® HS Proyección alta,15736-395,125,125,53,69
17,Replicon® MESMO® XS Proyección extra alta,15737-480,125,125,63,78
17,Replicon® MESMO® HS Proyección alta,15736-445,130,130,55,72
17,Replicon® MESMO® XS Proyección extra alta,15737-535,130,130,65,80
17,Replicon® MESMO® HS Proyección alta,15736-495,135,135,57,74
17,Replicon® MESMO® XS Proyección extra alta,15737-600,135,135,67,83
17,Replicon® MESMO® HS Proyección alta,15736-550,140,140,59,77
17,Replicon® MESMO® XS Proyección extra alta,15737-665,140,140,69,86
17,Replicon® MESMO® HS Proyección alta,15736-605,145,145,61,79
17,Replicon® MESMO® XS Proyección extra alta,15737-730,145,145,71,89
17,Replicon® MESMO® HS Proyección alta,15736-670,150,150,62,82
17,Replicon® MESMO® XS Proyección extra alta,15737-810,150,150,73,92
17,Replicon® MESMO® HS Proyección alta,15736-735,155,155,64,84
17,Replicon® MESMO® XS Proyección extra alta,15737-890,155,155,75,95
17,Optimam® MESMO® HS Proyección alta,15776-180,90,104,40,54
17,Optimam® MESMO® HS Proyección alta,15776-215,95,110,42,57
17,Optimam® MESMO® HS Proyección alta,15776-250,100,116,44,60
17,Optimam® MESMO® XS Proyección extra alta,15777-290,100,116,53,66
17,Optimam® MESMO® HS Proyección alta,15776-280,105,122,45,62
17,Optimam® MESMO® XS Proyección extra alta,15777-335,105,122,55,69
17,Optimam® MESMO® HS Proyección alta,15776-320,110,128,47,65
17,Optimam® MESMO® XS Proyección extra alta,15777-385,110,128,57,72
17,Optimam® MESMO® HS Proyección alta,15776-365,115,133,49,68
17,Optimam® MESMO® XS Proyección extra alta,15777-440,115,133,59,75
17,Optimam® MESMO® HS Proyección alta,15776-415,120,139,51,70
17,Optimam® MESMO® HS Proyección alta,15776-460,125,145,53,73
20,Opticon® POLYText® TMS Proyección moderada,20745-125,95,80,35,45
20,Opticon® POLYText® TLS Proyección baja,20744-110,100,84,28,41
20,Opticon® POLYText® TMS Proyección moderada,20745-145,100,84,36,47
20,Opticon® POLYText® TLS Proyección baja,20744-120,105,88,29,42
20,Opticon® POLYText® TMS Proyección moderada,20745-165,105,88,37,49
20,Opticon® POLYText® TLS Proyección baja,20744-140,110,92,29,44
20,Opticon® POLYText® TMS Proyección moderada,20745-185,110,92,38,51
20,Opticon® POLYText® TLS Proyección baja,20744-160,115,97,30,46
20,Opticon® POLYText® TMS Proyección moderada,20745-210,115,97,40,53
20,Opticon® POLYText® TLS Proyección baja,20744-175,120,101,31,48
20,Opticon® POLYText® TMS Proyección moderada,20745-235,120,101,41,55
20,Opticon® POLYText® TLS Proyección baja,20744-200,125,105,32,49
20,Opticon® POLYText® TMS Proyección moderada,20745-265,125,105,43,57
20,Opticon® POLYText® TLS Proyección baja,20744-220,130,109,33,51
20,Opticon® POLYText® TMS Proyección moderada,20745-295,130,109,44,59
20,Opticon® POLYText® TLS Proyección baja,20744-240,135,113,34,53
20,Opticon® POLYText® TMS Proyección moderada,20745-330,135,113,45,61
20,Opticon® POLYText® TLS Proyección baja,20744-270,140,118,35,55
20,Opticon® POLYText® TMS Proyección moderada,20745-365,140,118,47,63
20,Opticon® POLYText® TLS Proyección baja,20744-295,145,122,35,56
20,Opticon® POLYText® TMS Proyección moderada,20745-400,145,122,48,65
20,Opticon® POLYText® TLS Proyección baja,20744-325,150,126,36,58
20,Opticon® POLYText® TMS Proyección moderada,20745-445,150,126,49,67
20,Opticon® POLYText® TLS Proyección baja,20744-360,155,130,37,60
20,Opticon® POLYText® TMS Proyección moderada,20745-490,155,130,51,69
20,Replicon® POLYText® TMS Proyección moderada,20735-110,85,85,32,44
20,Replicon® POLYText® TMS Proyección moderada,20735-125,90,90,33,46
20,Replicon® POLYText® TMS Proyección moderada,20735-150,95,95,35,48
20,Replicon® POLYText® TLS Proyección baja,20734-125,100,100,28,44
20,Replicon® POLYText® TMS Proyección moderada,20735-170,100,100,36,50
20,Replicon® POLYText® TLS Proyección baja,20734-150,105,105,29,46
20,Replicon® POLYText® TMS Proyección moderada,20735-195,105,105,37,52
20,Replicon® POLYText® TLS Proyección baja,20734-165,110,110,29,48
20,Replicon® POLYText® TMS Proyección moderada,20735-220,110,110,38,55
20,Replicon® POLYText® TLS Proyección baja,20734-185,115,115,30,50
20,Replicon® POLYText® TMS Proyección moderada,20735-255,115,115,40,57
20,Replicon® POLYText® TLS Proyección baja,20734-210,120,120,31,52
20,Replicon® POLYText® TMS Proyección moderada,20735-280,120,120,41,59
20,Replicon® POLYText® TLS Proyección baja,20734-235,125,125,32,54
20,Replicon® POLYText® TMS Proyección moderada,20735-320,125,125,43,61
20,Replicon® POLYText® TLS Proyección baja,20734-365,130,130,33,56
20,Replicon® POLYText® TMS Proyección moderada,20735-350,130,130,44,63
20,Replicon® POLYText® TLS Proyección baja,20734-290,135,135,34,58
20,Replicon® POLYText® TMS Proyección moderada,20735-390,135,135,45,66
20,Replicon® POLYText® TLS Proyección baja,20734-320,140,140,35,59
20,Replicon® POLYText® TMS Proyección moderada,20735-435,140,140,47,68
20,Replicon® POLYText® TLS Proyección baja,20734-350,145,145,35,61
20,Replicon® POLYText® TMS Proyección moderada,20735-480,145,145,48,70
20,Replicon® POLYText® TLS Proyección baja,20734-390,150,150,36,63
20,Replicon® POLYText® TMS Proyección moderada,20735-530,150,150,49,72
20,Replicon® POLYText® TLS Proyección baja,20734-425,155,155,37,65
20,Replicon® POLYText® TMS Proyección moderada,20735-580,155,155,51,74
20,Optimam® POLYText® TLS Proyección baja,20774-150,100,116,28,47
20,Optimam® POLYText® TMS Proyección moderada,20775-200,100,116,36,53
20,Optimam® POLYText® TLS Proyección baja,20774-170,105,122,29,49
20,Optimam® POLYText® TMS Proyección moderada,20775-225,105,122,37,56
20,Optimam® POLYText® TLS Proyección baja,20774-195,110,128,29,51
20,Optimam® POLYText® TMS Proyección moderada,20775-260,110,128,38,58
20,Optimam® POLYText® TLS Proyección baja,20774-220,115,133,30,54
20,Optimam® POLYText® TMS Proyección moderada,20775-290,115,133,40,60
20,Optimam® POLYText® TLS Proyección baja,20774-240,120,139,31,56
20,Optimam® POLYText® TMS Proyección moderada,20775-330,120,139,41,63
20,Optimam® POLYText® TLS Proyección baja,20774-275,125,145,32,58
20,Optimam® POLYText® TMS Proyección moderada,20775-370,125,145,43,65
21,Opticon® POLYText® THS Proyección alta,20746-130,90,76,40,49
21,Opticon® POLYText® TXS extra alta,20747-160,90,76,49,55
21,Opticon® POLYText® THS Proyección alta,20746-155,95,80,42,51
21,Opticon® POLYText® TXS extra alta,20747-185,95,80,51,58
21,Opticon® POLYText® THS Proyección alta,20746-175,100,84,44,54
21,Opticon® POLYText® TXS extra alta,20747-215,100,84,53,61
21,Opticon® POLYText® THS Proyección alta,20746-205,105,88,45,56
21,Opticon® POLYText® TXS extra alta,20747-240,105,88,55,63
21,Opticon® POLYText® THS Proyección alta,20746-230,110,92,47,58
21,Opticon® POLYText® TXS extra alta,20747-280,110,92,57,66
21,Opticon® POLYText® THS Proyección alta,20746-265,115,97,49,61
21,Opticon® POLYText® TXS extra alta,20747-320,115,97,59,69
21,Opticon® POLYText® THS Proyección alta,20746-295,120,101,51,63
21,Opticon® POLYText® TXS extra alta,20747-360,120,101,61,71
21,Opticon® POLYText® THS Proyección alta,20746-335,125,105,53,65
21,Opticon® POLYText® TXS extra alta,20747-400,125,105,63,74
21,Opticon® POLYText® THS Proyección alta,20746-375,130,109,55,68
21,Opticon® POLYText® TXS extra alta,20747-450,130,109,65,77
21,Opticon® POLYText® THS Proyección alta,20746-420,135,113,57,70
21,Opticon® POLYText® TXS extra alta,20747-500,135,113,67,79
21,Opticon® POLYText® THS Proyección alta,20746-460,140,118,59,72
21,Opticon® POLYText® TXS extra alta,20747-560,140,118,69,82
21,Opticon® POLYText® THS Proyección alta,20746-510,145,122,61,75
21,Opticon® POLYText® TXS extra alta,20747-615,145,122,71,85
21,Opticon® POLYText® THS Proyección alta,20746-560,150,126,62,77
21,Opticon® POLYText® TXS extra alta,20747-680,150,126,73,87
21,Opticon® POLYText® THS Proyección alta,20746-615,155,130,64,80
21,Opticon® POLYText® TXS extra alta,20747-750,155,130,75,90
21,Replicon® POLYText® THS Proyección alta,20736-115,80,80,37,47
21,Replicon® POLYText® THS Proyección alta,20736-130,85,85,39,49
21,Replicon® POLYText® THS Proyección alta,20736-160,90,90,40,52
21,Replicon® POLYText® THS Proyección alta,20736-180,95,95,42,54
21,Replicon® POLYText® TXS extra alta,20737-220,95,95,51,61
21,Replicon® POLYText® THS Proyección alta,20736-210,100,100,44,57
21,Replicon® POLYText® TXS extra alta,20737-255,100,100,53,63
21,Replicon® POLYText® THS Proyección alta,20736-240,105,105,45,59
21,Replicon® POLYText® TXS extra alta,20737-290,105,105,55,66
21,Replicon® POLYText® THS Proyección alta,20736-275,110,110,47,62
21,Replicon® POLYText® TXS extra alta,20737-330,110,110,57,69
21,Replicon® POLYText® THS Proyección alta,20736-315,115,115,49,64
21,Replicon® POLYText® TXS extra alta,20737-380,115,115,59,72
21,Replicon® POLYText® THS Proyección alta,20736-350,120,120,51,67
21,Replicon® POLYText® TXS extra alta,20737-425,120,120,61,75
21,Replicon® POLYText® THS Proyección alta,20736-395,125,125,53,69
21,Replicon® POLYText® TXS extra alta,20737-480,125,125,63,78
21,Replicon® POLYText® THS Proyección alta,20736-445,130,130,55,72
21,Replicon® POLYText® TXS extra alta,20737-535,130,130,65,80
21,Replicon® POLYText® THS Proyección alta,20736-495,135,135,57,74
21,Replicon® POLYText® TXS extra alta,20737-600,135,135,67,83
21,Replicon® POLYText® THS Proyección alta,20736-550,140,140,59,77
21,Replicon® POLYText® TXS extra alta,20737-665,140,140,69,86
21,Replicon® POLYText® THS Proyección alta,20736-605,145,145,61,79
21,Replicon® POLYText® TXS extra alta,20737-730,145,145,71,89
21,Replicon® POLYText® THS Proyección alta,20736-670,150,150,62,82
21,Replicon® POLYText® TXS extra alta,20737-810,150,150,73,92
21,Replicon® POLYText® THS Proyección alta,20736-735,155,155,64,84
21,Replicon® POLYText® TXS extra alta,20737-890,155,155,75,95
21,Optimam® POLYText® THS Proyección alta,20776-180,90,104,40,54
21,Optimam® POLYText® TXS extra alta,20777-220,90,104,49,60
21,Optimam® POLYText® THS Proyección alta,20776-215,95,110,42,57
21,Optimam® POLYText® TXS extra alta,20777-255,95,110,51,63
21,Optimam® POLYText® THS Proyección alta,20776-250,100,116,44,60
21,Optimam® POLYText® TXS extra alta,20777-290,100,116,53,66
21,Optimam® POLYText® THS Proyección alta,20776-280,105,122,45,62
21,Optimam® POLYText® TXS extra alta,20777-335,105,122,55,69
21,Optimam® POLYText® THS Proyección alta,20776-320,110,128,47,65
21,Optimam® POLYText® TXS extra alta,20777-385,110,128,57,72
21,Optimam® POLYText® THS Proyección alta,20776-365,115,133,49,68
21,Optimam® POLYText® TXS extra alta,20777-440,115,133,59,75
21,Optimam® POLYText® THS Proyección alta,20776-415,120,139,51,70
21,Optimam® POLYText® TXS extra alta,20777-495,120,139,61,78
21,Optimam® POLYText® THS Proyección alta,20776-460,125,145,53,73
21,Optimam® POLYText® TXS extra alta,20777-555,125,145,63,81
21,Optimam® POLYText® TXS extra alta,20777-620,130,151,65,84
21,Optimam® POLYText® TXS extra alta,20777-695,135,157,67,87
22,Opticon 4Two AO - Proyección alta,21641-180,104,94,40,79
22,Opticon 4Two AO - Proyección extra alta,21642-215,104,94,48,86
22,Opticon 4Two AO - Proyección alta,21641-205,108,98,42,83
22,Opticon 4Two AO - Proyección extra alta,21642-245,108,98,50,90
22,Opticon 4Two AO - Proyección alta,21641-235,112,102,44,86
22,Opticon 4Two AO - Proyección extra alta,21642-285,112,102,52,93
22,Opticon 4Two AO - Proyección alta,21641-260,116,106,46,90
22,Opticon 4Two AO - Proyección extra alta,21642-305,116,106,54,97
22,Opticon 4Two AO - Proyección alta,21641-290,120,110,48,93
22,Opticon 4Two AO - Proyección extra alta,21642-335,120,110,56,100
22,Opticon 4Two AO - Proyección alta,21641-320,124,114,50,97
22,Opticon 4Two AO - Proyección extra alta,21642-380,124,114,58,104
22,Opticon 4Two AO - Proyección alta,21641-360,128,118,52,100
22,Opticon 4Two AO - Proyección extra alta,21642-415,128,118,60,107
22,Replicon 4Two AR - Proyección alta,21631-225,108,108,42,82
22,Replicon 4Two AR - Proyección alta,21631-255,112,112,44,85
22,Replicon 4Two AR - Proyección extra alta,21632-305,112,112,52,92
22,Replicon 4Two AR - Proyección alta,21631-285,116,116,46,89
22,Replicon 4Two AR - Proyección extra alta,21632-335,116,116,54,96
22,Replicon 4Two AR - Proyección alta,21631-315,120,120,48,92
22,Replicon 4Two AR - Proyección extra alta,21632-365,120,120,56,99
22,Replicon 4Two AR - Proyección alta,21631-345,124,124,50,96
22,Replicon 4Two AR - Proyección extra alta,21632-390,124,124,58,103
22,Replicon 4Two AR - Proyección alta,21631-400,128,128,52,99
22,Replicon 4Two AR - Proyección alta,21631-440,132,132,54,103
22,Replicon 4Two AR - Proyección alta,21631-480,136,136,56,106
24,Meme® MLS- Microthane ® Proyección Baja,30724-055,73,73,25,46
24,Meme® MMS- Microthane ® Proyección Moderada,30725-070,73,73,30,51
24,Meme® MLS- Microthane ® Proyección Baja,30724-065,78,78,26,49
24,Meme® MMS- Microthane ® Proyección Moderada,30725-090,78,78,32,54
24,Meme® MLS- Microthane ® Proyección Baja,30724-085,83,83,26,51
24,Meme® MMS- Microthane ® Proyección Moderada,30725-105,83,83,33,57
24,Meme® MLS- Microthane ® Proyección Baja,30724-095,88,88,27,54
24,Meme® MMS- Microthane ® Proyección Moderada,30725-120,88,88,34,60
24,Meme® MLS- Microthane ® Proyección Baja,30724-110,93,93,28,57
24,Meme® MMS- Microthane ® Proyección Moderada,30725-145,93,93,35,63
24,Meme® MLS- Microthane ® Proyección Baja,30724-125,98,98,29,60
24,Meme® MMS- Microthane ® Proyección Moderada,30725-165,98,98,37,66
24,Meme® MLS- Microthane ® Proyección Baja,30724-150,103,103,30,62
24,Meme® MMS- Microthane ® Proyección Moderada,30725-195,103,103,38,69
24,Meme® MLS- Microthane ® Proyección Baja,30724-165,108,108,31,65
24,Meme® MMS- Microthane ® Proyección Moderada,30725-220,108,108,39,72
24,Meme® MLS- Microthane ® Proyección Baja,30724-185,113,113,31,68
24,Meme® MMS- Microthane ® Proyección Moderada,30725-255,113,113,40,75
24,Meme® MLS- Microthane ® Proyección Baja,30724-215,118,118,32,71
24,Meme® MMS- Microthane ® Proyección Moderada,30725-285,118,118,42,78
24,Meme® MMS- Microthane ® Proyección Moderada,30725-300,120.5,120.5,42,79
24,Meme® MLS- Microthane ® Proyección Baja,30724-235,123,123,33,73
24,Meme® MMS- Microthane ® Proyección Moderada,30725-320,123,123,43,81
24,Meme® MLS- Microthane ® Proyección Baja,30724-270,128,128,34,76
24,Meme® MMS- Microthane ® Proyección Moderada,30725-360,128,128,45,84
24,Meme® MLS- Microthane ® Proyección Baja,30724-295,133,133,35,79
24,Meme® MMS- Microthane ® Proyección Moderada,30725-400,133,133,46,87
24,Meme® MLS- Microthane ® Proyección Baja,30724-330,138,138,36,82
24,Meme® MMS- Microthane ® Proyección Moderada,30725-445,138,138,47,90
24,Meme® MLS- Microthane ® Proyección Baja,30724-365,143,143,37,85
24,Meme® MMS- Microthane ® Proyección Moderada,30725-495,143,143,49,93
24,Meme® MLS- Microthane ® Proyección Baja,30724-400,148,148,37,87
24,Meme® MMS- Microthane ® Proyección Moderada,30725-545,148,148,50,96
24,Meme® MLS- Microthane ® Proyección Baja,30724-440,153,153,38,90
24,Meme® MMS- Microthane ® Proyección Moderada,30725-600,153,153,51,99
24,Meme® MLS- Microthane ® Proyección Baja,30724-485,158,158,39,93
24,Meme® MMS- Microthane ® Proyección Moderada,30725-660,158,158,53,102
25,Meme® MHS- Microthane ® Proyección Alta,30726-090,73,73,36,55
25,Meme® MxS- Microthane ® Proyección Extra Alta,30727-105,73,73,40,59
25,Meme® MHS- Microthane ® Proyección Alta,30726-110,78,78,38,58
25,Meme® MxS- Microthane ® Proyección Extra Alta,30727-125,78,78,43,63
25,Meme® MHS- Microthane ® Proyección Alta,30726-125,83,83,39,62
25,Meme® MxS- Microthane ® Proyección Extra Alta,30727-155,83,83,45,66
25,Meme® MHS- Microthane ® Proyección Alta,30725-155,88,88,41,65
25,Meme® MxS- Microthane ® Proyección Extra Alta,30727-180,88,88,47,70
25,Meme® MHS- Microthane ® Proyección Alta,30726-180,93,93,42,68
25,Meme® MxS- Microthane ® Proyección Extra Alta,30727-215,93,93,49,73
25,Meme® MHS- Microthane ® Proyección Alta,30726-210,98,98,44,71
25,Meme® MxS- Microthane ® Proyección Extra Alta,30727-250,98,98,51,77
25,Meme® MHS- Microthane ® Proyección Alta,30726-235,103,103,46,75
25,Meme® MxS- Microthane ® Proyección Extra Alta,30727-285,103,103,53,81
25,Meme® MHS- Microthane ® Proyección Alta,30726-255,106,106,46,79
25,Meme® MxS- Microthane ® Proyección Extra Alta,30727-305,106,106,54,82
25,Meme® MHS- Microthane ® Proyección Alta,30726-275,108,108,47,78
25,Meme® MxS- Microthane ® Proyección Extra Alta,30727-330,108,108,55,84
25,Meme® MHS- Microthane ® Proyección Alta,30726-295,111,111,49,79
25,Meme® MHS- Microthane ® Proyección Alta,30726-315,113,113,49,81
25,Meme® MxS- Microthane ® Proyección Extra Alta,30727-380,113,113,57,88
25,Meme® MHS- Microthane ® Proyección Alta,30726-335,116,116,50,83
25,Meme® MHS- Microthane ® Proyección Alta,30726-360,118,118,51,84
25,Meme® MxS- Microthane ® Proyección Extra Alta,30727-430,118,118,59,91
25,Meme® MHS- Microthane ® Proyección Alta,30726-400,123,123,53,87
25,Meme® MxS- Microthane ® Proyección Extra Alta,30727-485,123,123,61,95
25,Meme® MHS- Microthane ® Proyección Alta,30726-450,128,128,55,91
25,Meme® MxS- Microthane ® Proyección Extra Alta,30727-545,128,128,63,98
25,Meme® MHS- Microthane ® Proyección Alta,30726-505,133,133,57,94
25,Meme® MxS- Microthane ® Proyección Extra Alta,30727-610,133,133,65,102
25,Meme® MHS- Microthane ® Proyección Alta,30726-560,138,138,59,97
25,Meme® MxS- Microthane ® Proyección Extra Alta,30727-675,138,138,67,105
25,Meme® MHS- Microthane ® Proyección Alta,30726-620,143,143,61,100
25,Meme® MxS- Microthane ® Proyección Extra Alta,30727-755,143,143,69,109
25,Meme® MHS- Microthane ® Proyección Alta,30726-690,148,148,63,104
25,Meme® MxS- Microthane ® Proyección Extra Alta,30727-830,148,148,71,112
25,Meme® MHS- Microthane ® Proyección Alta,30726-760,153,153,64,107
25,Meme® MxS- Microthane ® Proyección Extra Alta,30727-920,153,153,73,116
25,Meme® MHS- Microthane ® Proyección Alta,30726-835,158,158,66,110
26,Opticon® SL MP - Microthane® Proyección Moderada,30745-125,98,83,37,49
26,Opticon® SL MP - Microthane® Proyección Moderada,30745-145,103,87,38,51
26,Opticon® SL LP - Microthane® Proyección baja,30744-120,108,91,31,44
26,Opticon® SL MP - Microthane® Proyección Moderada,30745-165,108,91,39,53
26,Opticon® SL LP - Microthane® Proyección baja,30744-140,113,95,31,46
26,Opticon® SL MP - Microthane® Proyección Moderada,30745-185,113,95,40,55
26,Opticon® SL LP - Microthane® Proyección baja,30744-160,118,100,32,48
26,Opticon® SL MP - Microthane® Proyección Moderada,30745-210,118,100,42,57
26,Opticon® SL LP - Microthane® Proyección baja,30744-175,123,104,33,49
26,Opticon® SL MP - Microthane® Proyección Moderada,30745-235,123,104,43,59
26,Opticon® SL LP - Microthane® Proyección baja,30744-200,128,108,34,51
26,Opticon® SL MP - Microthane® Proyección Moderada,30745-265,128,108,45,61
26,Opticon® SL LP - Microthane® Proyección baja,30744-220,133,112,35,53
26,Opticon® SL MP - Microthane® Proyección Moderada,30745-295,133,112,46,63
26,Opticon® SL LP - Microthane® Proyección baja,30744-240,138,116,36,55
26,Opticon® SL MP - Microthane® Proyección Moderada,30745-330,138,116,47,65
26,Opticon® SL LP - Microthane® Proyección baja,30744-270,143,121,37,56
26,Opticon® SL MP - Microthane® Proyección Moderada,30745-365,143,121,49,67
26,Opticon® SL LP - Microthane® Proyección baja,30744-295,148,125,37,58
26,Opticon® SL MP - Microthane® Proyección Moderada,30745-400,148,125,50,69
26,Opticon® SL MP - Microthane® Proyección Moderada,30745-445,153,129,51,71
26,Opticon® SL MP - Microthane® Proyección Moderada,30745-490,158,133,53,73
26,Replicon® SL MP - Microthane® Proyección Moderada,30735-110,88,88,34,48
26,Replicon® SL MP - Microthane® Proyección Moderada,30735-125,93,93,35,50
26,Replicon® SL MP - Microthane® Proyección Moderada,30735-150,98,98,37,52
26,Replicon® SL MP - Microthane® Proyección Moderada,30735-170,103,103,38,54
26,Replicon® SL MP - Microthane® Proyección Moderada,30735-195,108,108,39,56
26,Replicon® SL LP - Microthane® Proyección baja,30734-165,113,113,31,50
26,Replicon® SL MP - Microthane® Proyección Moderada,30735-220,113,113,40,59
26,Replicon® SL LP - Microthane® Proyección baja,30734-185,118,118,32,52
26,Replicon® SL MP - Microthane® Proyección Moderada,30735-255,118,118,42,61
26,Replicon® SL LP - Microthane® Proyección baja,30734-210,123,123,33,54
26,Replicon® SL MP - Microthane® Proyección Moderada,30735-280,123,123,43,63
26,Replicon® SL LP - Microthane® Proyección baja,30734-235,128,128,34,56
26,Replicon® SL MP - Microthane® Proyección Moderada,30735-320,128,128,45,65
26,Replicon® SL LP - Microthane® Proyección baja,30734-265,133,133,35,58
26,Replicon® SL MP - Microthane® Proyección Moderada,30735-350,133,133,46,67
26,Replicon® SL LP - Microthane® Proyección baja,30734-290,138,138,36,59
26,Replicon® SL MP - Microthane® Proyección Moderada,30735-390,138,138,47,70
26,Replicon® SL LP - Microthane® Proyección baja,30734-320,143,143,37,61
26,Replicon® SL MP - Microthane® Proyección Moderada,30735-435,143,143,49,72
26,Replicon® SL MP - Microthane® Proyección Moderada,30735-480,148,148,50,74
26,Replicon® SL MP - Microthane® Proyección Moderada,30735-530,153,153,51,76
26,Replicon® SL MP - Microthane® Proyección Moderada,30735-580,158,158,53,78
26,Optimam® SL LP - Microthane® Proyección baja,30774-100,88,102,27,43
26,Optimam® SL LP - Microthane® Proyección baja,30774-110,93,107,28,45
26,Optimam® SL LP - Microthane® Proyección baja,30774-130,98,113,29,47
26,Optimam® SL MP - Microthane® Proyección Moderada,30775-170,98,113,37,55
26,Optimam® SL LP - Microthane® Proyección baja,30774-150,103,119,30,49
26,Optimam® SL MP - Microthane® Proyección Moderada,30775-200,103,119,38,57
26,Optimam® SL LP - Microthane® Proyección baja,30774-170,108,125,31,51
26,Optimam® SL MP - Microthane® Proyección Moderada,30775-225,108,125,39,60
26,Optimam® SL LP - Microthane® Proyección baja,30774-195,113,131,31,54
26,Optimam® SL MP - Microthane® Proyección Moderada,30775-260,113,131,40,62
26,Optimam® SL LP - Microthane® Proyección baja,30774-220,118,136,32,56
26,Optimam® SL MP - Microthane® Proyección Moderada,30775-290,118,136,42,64
26,Optimam® SL LP - Microthane® Proyección baja,30774-240,123,142,33,58
26,Optimam® SL MP - Microthane® Proyección Moderada,30775-330,123,142,43,67
26,Optimam® SL LP - Microthane® Proyección baja,30774-275,128,148,34,60
26,Optimam® SL MP - Microthane® Proyección Moderada,30775-370,128,148,45,69
26,Optimam® SL MP - Microthane® Proyección Moderada,30775-405,133,154,46,71
26,Optimam® SL MP - Microthane® Proyección Moderada,30775-455,138,160,47,74
27,Opticon® SL HP - Microthane® Proyección Alta,30746-130,93,79,42,53
27,Opticon® SL XP - Microthane® Proyección Extra Alta,30747-160,93,79,51,59
27,Opticon® SL HP - Microthane® Proyección Alta,30746-155,98,83,44,55
27,Opticon® SL XP - Microthane® Proyección Extra Alta,30747-185,98,83,53,62
27,Opticon® SL HP - Microthane® Proyección Alta,30746-175,103,87,46,58
27,Opticon® SL XP - Microthane® Proyección Extra Alta,30747-215,103,87,55,65
27,Opticon® SL HP - Microthane® Proyección Alta,30746-205,108,91,47,60
27,Opticon® SL XP - Microthane® Proyección Extra Alta,30747-240,108,91,57,67
27,Opticon® SL HP - Microthane® Proyección Alta,30746-230,113,95,49,62
27,Opticon® SL XP - Microthane® Proyección Extra Alta,30747-280,113,95,59,70
27,Opticon® SL HP - Microthane® Proyección Alta,30746-265,118,100,51,65
27,Opticon® SL XP - Microthane® Proyección Extra Alta,30747-320,118,100,61,73
27,Opticon® SL HP - Microthane® Proyección Alta,30746-295,123,104,53,67
27,Opticon® SL XP - Microthane® Proyección Extra Alta,30747-360,123,104,63,75
27,Opticon® SL HP - Microthane® Proyección Alta,30746-335,128,108,55,69
27,Opticon® SL XP - Microthane® Proyección Extra Alta,30747-400,128,108,65,78
27,Opticon® SL HP - Microthane® Proyección Alta,30746-375,133,112,57,72
27,Opticon® SL XP - Microthane® Proyección Extra Alta,30747-450,133,112,67,81
27,Opticon® SL HP - Microthane® Proyección Alta,30746-420,138,116,59,74
27,Opticon® SL XP - Microthane® Proyección Extra Alta,30747-500,138,116,69,83
27,Opticon® SL HP - Microthane® Proyección Alta,30746-460,143,121,61,76
27,Opticon® SL XP - Microthane® Proyección Extra Alta,30747-560,143,121,71,86
27,Opticon® SL HP - Microthane® Proyección Alta,30746-510,148,125,63,79
27,Opticon® SL XP - Microthane® Proyección Extra Alta,30747-615,148,125,73,89
27,Opticon® SL HP - Microthane® Proyección Alta,30746-560,153,129,64,81
27,Opticon® SL XP - Microthane® Proyección Extra Alta,30747-680,153,129,75,91
27,Opticon® SL HP - Microthane® Proyección Alta,30746-615,158,133,66,84
27,Opticon® SL XP - Microthane® Proyección Extra Alta,30747-750,158,133,77,94
27,Replicon® SL HP - Microthane® Proyección Alta,30736-115,83,83,39,51
27,Replicon® SL XP - Microthane® Proyección Extra Alta,30737-130,83,83,47,56
27,Replicon® SL HP - Microthane® Proyección Alta,30736-130,88,88,41,53
27,Replicon® SL XP - Microthane® Proyección Extra Alta,30737-160,88,88,49,59
27,Replicon® SL HP - Microthane® Proyección Alta,30736-160,93,93,42,56
27,Replicon® SL XP - Microthane® Proyección Extra Alta,30737-185,93,93,51,62
27,Replicon® SL HP - Microthane® Proyección Alta,30736-180,98,98,44,58
27,Replicon® SL XP - Microthane® Proyección Extra Alta,30737-220,98,98,53,65
27,Replicon® SL HP - Microthane® Proyección Alta,30736-210,103,103,46,61
27,Replicon® SL XP - Microthane® Proyección Extra Alta,30737-255,103,103,55,67
27,Replicon® SL HP - Microthane® Proyección Alta,30736-240,108,108,47,63
27,Replicon® SL XP - Microthane® Proyección Extra Alta,30737-290,108,108,57,70
27,Replicon® SL HP - Microthane® Proyección Alta,30736-275,113,113,49,66
27,Replicon® SL XP - Microthane® Proyección Extra Alta,30737-330,113,113,59,73
27,Replicon® SL HP - Microthane® Proyección Alta,30736-315,118,118,51,68
27,Replicon® SL XP - Microthane® Proyección Extra Alta,30737-380,118,118,61,76
27,Replicon® SL HP - Microthane® Proyección Alta,30736-350,123,123,53,71
27,Replicon® SL XP - Microthane® Proyección Extra Alta,30737-425,123,123,63,79
27,Replicon® SL HP - Microthane® Proyección Alta,30736-395,128,128,55,73
27,Replicon® SL XP - Microthane® Proyección Extra Alta,30737-480,128,128,65,82
27,Replicon® SL HP - Microthane® Proyección Alta,30736-445,133,133,57,76
27,Replicon® SL XP - Microthane® Proyección Extra Alta,30737-535,133,133,67,84
27,Replicon® SL HP - Microthane® Proyección Alta,30736-495,138,138,59,78
27,Replicon® SL XP - Microthane® Proyección Extra Alta,30737-600,138,138,69,87
27,Replicon® SL HP - Microthane® Proyección Alta,30736-550,143,143,61,81
27,Replicon® SL XP - Microthane® Proyección Extra Alta,30737-665,143,143,71,90
27,Replicon® SL HP - Microthane® Proyección Alta,30736-605,148,148,63,83
27,Replicon® SL XP - Microthane® Proyección Extra Alta,30737-730,148,148,73,93
27,Replicon® SL HP - Microthane® Proyección Alta,30736-670,153,153,64,86
27,Replicon® SL XP - Microthane® Proyección Extra Alta,30737-810,153,153,75,96
27,Replicon® SL HP - Microthane® Proyección Alta,30736-735,158,158,66,88
27,Replicon® SL XP - Microthane® Proyección Extra Alta,30737-890,158,158,77,99
27,Optimam® SL HP - Microthane® Proyección Alta,30776-180,93,107,42,58
27,Optimam® SL XP - Microthane® Proyección Extra Alta,30777-220,93,107,51,64
27,Optimam® SL HP - Microthane® Proyección Alta,30776-215,98,113,44,61
27,Optimam® SL XP - Microthane® Proyección Extra Alta,30777-255,98,113,53,67
27,Optimam® SL HP - Microthane® Proyección Alta,30776-250,103,119,46,64
27,Optimam® SL XP - Microthane® Proyección Extra Alta,30777-290,103,119,55,70
27,Optimam® SL HP - Microthane® Proyección Alta,30776-280,108,125,47,66
27,Optimam® SL XP - Microthane® Proyección Extra Alta,30777-335,108,125,57,73
27,Optimam® SL HP - Microthane® Proyección Alta,30776-320,113,131,49,69
27,Optimam® SL XP - Microthane® Proyección Extra Alta,30777-385,113,131,59,76
27,Optimam® SL HP - Microthane® Proyección Alta,30776-365,118,136,51,72
27,Optimam® SL XP - Microthane® Proyección Extra Alta,30777-440,118,136,61,79
27,Optimam® SL HP - Microthane® Proyección Alta,30776-415,123,142,53,74
27,Optimam® SL XP - Microthane® Proyección Extra Alta,30777-495,123,142,63,82
27,Optimam® SL HP - Microthane® Proyección Alta,30776-460,128,148,55,77
27,Optimam® SL XP - Microthane® Proyección Extra Alta,30777-555,128,148,65,85
27,Optimam® SL HP - Microthane® Proyección Alta,30776-515,133,154,57,80
27,Optimam® SL XP - Microthane® Proyección Extra Alta,30777-620,133,154,67,88
27,Optimam® SL XP - Microthane® Proyección Extra Alta,30777-695,138,160,69,91
28,Opticon 4Two AO - Proyección alta,31641-180,104,94,40,79
28,Opticon 4Two AO - Proyección extra alta,31642-215,104,94,48,86
28,Opticon 4Two AO - Proyección alta,31641-205,108,98,42,83
28,Opticon 4Two AO - Proyección extra alta,31642-245,108,98,50,90
28,Opticon 4Two AO - Proyección alta,31641-235,112,102,44,86
28,Opticon 4Two AO - Proyección extra alta,31642-285,112,102,52,93
28,Opticon 4Two AO - Proyección alta,31641-260,116,106,46,90
28,Opticon 4Two AO - Proyección extra alta,31642-305,116,106,54,97
28,Opticon 4Two AO - Proyección alta,31641-290,120,110,48,93
28,Opticon 4Two AO - Proyección extra alta,31642-335,120,110,56,100
28,Opticon 4Two AO - Proyección alta,31641-320,124,114,50,97
28,Opticon 4Two AO - Proyección extra alta,31642-380,124,114,58,104
28,Opticon 4Two AO - Proyección alta,31641-360,128,118,52,100
28,Opticon 4Two AO - Proyección extra alta,31642-415,128,118,60,107
28,Replicon 4Two AR - Proyección alta,31631-195,104,104,40,79
28,Replicon 4Two AR - Proyección extra alta,31632-240,104,104,48,85
28,Replicon 4Two AR - Proyección alta,31631-225,108,108,42,82
28,Replicon 4Two AR - Proyección extra alta,31632-270,108,108,50,89
28,Replicon 4Two AR - Proyección alta,31631-255,112,112,44,85
28,Replicon 4Two AR - Proyección extra alta,31632-305,112,112,52,92
28,Replicon 4Two AR - Proyección alta,31631-285,116,116,46,89
28,Replicon 4Two AR - Proyección extra alta,31632-335,116,116,54,96
28,Replicon 4Two AR - Proyección alta,31631-315,120,120,48,92
28,Replicon 4Two AR - Proyección extra alta,31632-365,120,120,56,99
28,Replicon 4Two AR - Proyección alta,31631-345,124,124,50,96
28,Replicon 4Two AR - Proyección extra alta,31632-390,124,124,58,103
28,Replicon 4Two AR - Proyección alta,31631-400,128,128,52,99
28,Replicon 4Two AR - Proyección extra alta,31632-465,128,128,60,106
28,Replicon 4Two AR - Proyección alta,31631-440,132,132,54,103
28,Replicon 4Two AR - Proyección extra alta,31632-500,132,132,62,110
28,Replicon 4Two AR - Proyección alta,31631-480,136,136,56,106
